,Models
0,model_827
1,model_1211
2,model_159
3,model_339
4,model_675
5,model_34
6,model_1216
7,model_1409
8,model_93
9,model_1510
10,model_707
11,model_97
12,model_48
13,model_218
14,model_913
15,model_1202
16,model_1022
17,model_187
18,model_171
19,model_365
20,model_564
21,model_363
22,model_174
23,model_1318
24,model_113
25,model_717
26,model_642
27,model_123
28,model_211
29,model_1264
30,model_908
31,model_824
32,model_205
33,model_725
34,model_138
35,model_56
36,model_1085
37,model_1146
38,model_399
39,model_271
40,model_1033
41,model_885
42,model_1506
43,model_135
44,model_1505
45,model_1257
46,model_1283
47,model_1072
48,model_1154
49,model_371
50,model_393
51,model_73
52,model_292
53,model_180
54,model_222
55,model_763
56,model_719
57,model_1173
58,model_412
59,model_1010
60,model_999
61,model_498
62,model_1343
63,model_1565
64,model_33
65,model_351
66,model_1284
67,model_1379
68,model_883
69,model_1452
70,model_1092
71,model_1439
72,model_1269
73,model_1197
74,model_681
75,model_720
76,model_1236
77,model_935
78,model_1178
79,model_545
80,model_461
81,model_1276
82,model_898
83,model_1093
84,model_1255
85,model_1326
86,model_311
87,model_1020
88,model_558
89,model_788
90,model_189
91,model_1115
92,model_531
93,model_455
94,model_600
95,model_251
96,model_1139
97,model_330
98,model_83
99,model_1368
100,model_1531
101,model_276
102,model_485
103,model_1443
104,model_1389
105,model_857
106,model_1408
107,model_1287
108,model_1406
109,model_429
110,model_1597
111,model_686
112,model_991
113,model_639
114,model_427
115,model_1078
116,model_1120
117,model_372
118,model_1046
119,model_1417
120,model_1301
121,model_598
122,model_734
123,model_193
124,model_1556
125,model_779
126,model_774
127,model_1361
128,model_909
129,model_1349
130,model_741
131,model_299
132,model_668
133,model_105
134,model_263
135,model_626
136,model_342
137,model_892
138,model_450
139,model_58
140,model_805
141,model_832
142,model_16
143,model_1013
144,model_580
145,model_837
146,model_621
147,model_94
148,model_625
149,model_960
150,model_437
151,model_752
152,model_1508
153,model_701
154,model_517
155,model_1536
156,model_366
157,model_6
158,model_641
159,model_809
160,model_847
161,model_1195
162,model_161
163,model_1386
164,model_1442
165,model_1430
166,model_1448
167,model_252
168,model_296
169,model_635
170,model_593
171,model_608
172,model_757
173,model_1143
174,model_173
175,model_1395
176,model_1026
177,model_1576
178,model_303
179,model_855
180,model_79
181,model_1249
182,model_5
183,model_918
184,model_1073
185,model_589
186,model_1006
187,model_901
188,model_67
189,model_1446
190,model_523
191,model_391
192,model_1529
193,model_332
194,model_697
195,model_446
196,model_849
197,model_1475
198,model_893
199,model_1310
200,model_683
201,model_759
202,model_603
203,model_570
204,model_267
205,model_353
206,model_344
207,model_1365
208,model_1122
209,model_579
210,model_583
211,model_488
212,model_164
213,model_122
214,model_214
215,model_1117
216,model_86
217,model_1405
218,model_1030
219,model_428
220,model_47
221,model_57
222,model_435
223,model_143
224,model_640
225,model_812
226,model_610
227,model_422
228,model_467
229,model_656
230,model_768
231,model_464
232,model_1104
233,model_1518
234,model_181
235,model_1243
236,model_95
237,model_1101
238,model_1303
239,model_1131
240,model_129
241,model_605
242,model_104
243,model_158
244,model_1167
245,model_895
246,model_902
247,model_1111
248,model_594
249,model_1204
250,model_806
251,model_985
252,model_22
253,model_1229
254,model_1432
255,model_794
256,model_1254
257,model_223
258,model_785
259,model_1017
260,model_111
261,model_1183
262,model_1087
263,model_1300
264,model_1172
265,model_862
266,model_1052
267,model_101
268,model_1231
269,model_1516
270,model_1063
271,model_1460
272,model_676
273,model_821
274,model_1306
275,model_695
276,model_1387
277,model_861
278,model_275
279,model_1356
280,model_669
281,model_1247
282,model_1537
283,model_60
284,model_548
285,model_703
286,model_672
287,model_835
288,model_840
289,model_290
290,model_888
291,model_829
292,model_1105
293,model_77
294,model_1055
295,model_1158
296,model_438
297,model_273
298,model_1222
299,model_1268
300,model_1533
301,model_800
302,model_494
303,model_1367
304,model_1396
305,model_1407
306,model_1578
307,model_845
308,model_1557
309,model_400
310,model_1577
311,model_295
312,model_1530
313,model_880
314,model_1064
315,model_886
316,model_346
317,model_1450
318,model_183
319,model_395
320,model_1411
321,model_1523
322,model_1385
323,model_1128
324,model_511
325,model_82
326,model_380
327,model_462
328,model_1477
329,model_1492
330,model_721
331,model_286
332,model_117
333,model_13
334,model_369
335,model_729
336,model_1426
337,model_602
338,model_762
339,model_1252
340,model_735
341,model_157
342,model_1281
343,model_1294
344,model_546
345,model_764
346,model_208
347,model_637
348,model_175
349,model_1273
350,model_1060
351,model_597
352,model_1374
353,model_878
354,model_261
355,model_1522
356,model_1560
357,model_1420
358,model_287
359,model_732
360,model_333
361,model_1095
362,model_992
363,model_644
364,model_1050
365,model_206
366,model_550
367,model_1334
368,model_191
369,model_1491
370,model_1091
371,model_911
372,model_750
373,model_119
374,model_1570
375,model_654
376,model_1309
377,model_457
378,model_421
379,model_1495
380,model_1007
381,model_592
382,model_1230
383,model_784
384,model_1069
385,model_611
386,model_1212
387,model_389
388,model_1341
389,model_30
390,model_596
391,model_615
392,model_1569
393,model_505
394,model_227
395,model_1234
396,model_1004
397,model_225
398,model_1207
399,model_767
400,model_1453
401,model_1181
402,model_756
403,model_1584
404,model_418
405,model_576
406,model_1220
407,model_904
408,model_987
409,model_384
410,model_343
411,model_379
412,model_834
413,model_1265
414,model_1581
415,model_81
416,model_239
417,model_942
418,model_1388
419,model_1555
420,model_1179
421,model_1044
422,model_1304
423,model_574
424,model_1214
425,model_320
426,model_1582
427,model_1493
428,model_469
429,model_407
430,model_1331
431,model_178
432,model_1437
433,model_109
434,model_1352
435,model_110
436,model_213
437,model_850
438,model_61
439,model_1567
440,model_230
441,model_1468
442,model_863
443,model_1271
444,model_62
445,model_98
446,model_1228
447,model_255
448,model_340
449,model_291
450,model_887
451,model_198
452,model_1292
453,model_294
454,model_377
455,model_662
456,model_951
457,model_742
458,model_431
459,model_1342
460,model_751
461,model_26
462,model_1519
463,model_124
464,model_1392
465,model_1028
466,model_516
467,model_89
468,model_1375
469,model_1554
470,model_108
471,model_1425
472,model_1351
473,model_1563
474,model_653
475,model_515
476,model_257
477,model_1296
478,model_1076
479,model_1483
480,model_335
481,model_390
482,model_903
483,model_411
484,model_506
485,model_976
486,model_509
487,model_1070
488,model_1107
489,model_1479
490,model_1256
491,model_185
492,model_1485
493,model_814
494,model_403
495,model_442
496,model_90
497,model_823
498,model_293
499,model_200
500,model_424
501,model_452
502,model_359
503,model_1464
504,model_1016
505,model_1203
506,model_430
507,model_32
508,model_141
509,model_416
510,model_513
511,model_689
512,model_1504
513,model_1558
514,model_1546
515,model_979
516,model_144
517,model_535
518,model_1378
519,model_1574
520,model_665
521,model_632
522,model_727
523,model_53
524,model_1185
525,model_912
526,model_786
527,model_694
528,model_868
529,model_337
530,model_664
531,model_504
532,model_1383
533,model_1166
534,model_1429
535,model_1005
536,model_940
537,model_1156
538,model_1244
539,model_63
540,model_663
541,model_873
542,model_425
543,model_238
544,model_1097
545,model_240
546,model_2
547,model_724
548,model_112
549,model_1262
550,model_1512
551,model_1049
552,model_710
553,model_1125
554,model_519
555,model_816
556,model_258
557,model_376
558,model_453
559,model_329
560,model_782
561,model_269
562,model_1177
563,model_1051
564,model_956
565,model_137
566,model_1065
567,model_1071
568,model_946
569,model_841
570,model_1428
571,model_1079
572,model_1164
573,model_590
574,model_825
575,model_1190
576,model_1462
577,model_1524
578,model_232
579,model_237
580,model_877
581,model_19
582,model_1075
583,model_798
584,model_497
585,model_1176
586,model_392
587,model_9
588,model_441
589,model_1096
590,model_383
591,model_1465
592,model_1457
593,model_618
594,model_476
595,model_1463
596,model_652
597,model_706
598,model_965
599,model_65
600,model_1399
601,model_1513
602,model_25
603,model_118
604,model_771
605,model_317
606,model_349
607,model_1023
608,model_691
609,model_266
610,model_1290
611,model_38
612,model_1293
613,model_773
614,model_478
615,model_1148
616,model_358
617,model_490
618,model_1471
619,model_491
620,model_1598
621,model_536
622,model_563
623,model_588
624,model_1525
625,model_866
626,model_973
627,model_24
628,model_1544
629,model_152
630,model_134
631,model_1354
632,model_1068
633,model_115
634,model_553
635,model_1551
636,model_387
637,model_155
638,model_306
639,model_1321
640,model_1481
641,model_521
642,model_3
643,model_1053
644,model_439
645,model_1414
646,model_1286
647,model_1253
648,model_1151
649,model_964
650,model_728
651,model_479
652,model_210
653,model_586
654,model_1027
655,model_247
656,model_1272
657,model_577
658,model_204
659,model_595
660,model_1032
661,model_401
662,model_54
663,model_1571
664,model_121
665,model_1390
666,model_559
667,model_1489
668,model_737
669,model_1082
670,model_997
671,model_1478
672,model_1344
673,model_66
674,model_199
675,model_910
676,model_1345
677,model_950
678,model_612
679,model_938
680,model_1123
681,model_1239
682,model_1267
683,model_996
684,model_722
685,model_802
686,model_962
687,model_1297
688,model_836
689,model_147
690,model_749
691,model_852
692,model_1240
693,model_194
694,model_685
695,model_233
696,model_549
697,model_148
698,model_1088
699,model_249
700,model_1393
701,model_1553
702,model_872
703,model_1208
704,model_617
705,model_404
706,model_769
707,model_1136
708,model_1084
709,model_1599
710,model_557
711,model_136
712,model_396
713,model_444
714,model_781
715,model_897
716,model_793
717,model_1014
718,model_360
719,model_828
720,model_1235
721,model_1198
722,model_1232
723,model_1421
724,model_406
725,model_770
726,model_1366
727,model_1102
728,model_907
729,model_226
730,model_283
731,model_1455
732,model_766
733,model_1248
734,model_628
735,model_1019
736,model_1517
737,model_738
738,model_555
739,model_1114
740,model_1015
741,model_1237
742,model_21
743,model_1138
744,model_305
745,model_702
746,model_551
747,model_1289
748,model_172
749,model_145
750,model_1242
751,model_980
752,model_945
753,model_388
754,model_616
755,model_1144
756,model_1580
757,model_731
758,model_851
759,model_1270
760,model_1454
761,model_405
762,model_36
763,model_931
764,model_1410
765,model_1472
766,model_990
767,model_547
768,model_817
769,model_415
770,model_297
771,model_84
772,model_1129
773,model_1466
774,model_1404
775,model_948
776,model_1108
777,model_926
778,model_149
779,model_534
780,model_1324
781,model_978
782,model_1119
783,model_386
784,model_858
785,model_1170
786,model_402
787,model_921
788,model_984
789,model_256
790,model_826
791,model_776
792,model_1041
793,model_374
794,model_1422
795,model_130
796,model_102
797,model_326
798,model_345
799,model_1589
800,model_860
801,model_634
802,model_91
803,model_1299
804,model_1113
805,model_1001
806,model_182
807,model_969
808,model_59
809,model_465
810,model_649
811,model_1509
812,model_436
813,model_167
814,model_556
815,model_23
816,model_1062
817,model_128
818,model_1573
819,model_1434
820,model_1332
821,model_928
822,model_1040
823,model_796
824,model_496
825,model_1535
826,model_1298
827,model_891
828,model_1575
829,model_1436
830,model_72
831,model_458
832,model_1261
833,model_312
834,model_705
835,model_848
836,model_677
837,model_562
838,model_1364
839,model_1315
840,model_1419
841,model_609
842,model_1458
843,model_622
844,model_1323
845,model_264
846,model_936
847,model_307
848,model_492
849,model_151
850,model_417
851,model_1227
852,model_398
853,model_246
854,model_853
855,model_1036
856,model_528
857,model_520
858,model_650
859,model_221
860,model_758
861,model_367
862,model_667
863,model_744
864,model_1459
865,model_1501
866,model_581
867,model_585
868,model_808
869,model_1545
870,model_906
871,model_1098
872,model_698
873,model_315
874,model_1112
875,model_739
876,model_1274
877,model_955
878,model_554
879,model_623
880,model_1316
881,model_1308
882,model_195
883,model_661
884,model_1507
885,model_1338
886,model_530
887,model_1540
888,model_373
889,model_1347
890,model_620
891,model_963
892,model_1135
893,model_631
894,model_1401
895,model_833
896,model_1415
897,model_272
898,model_1486
899,model_1585
900,model_253
901,model_970
902,model_1593
903,model_1445
904,model_71
905,model_1335
906,model_308
907,model_704
908,model_934
909,model_279
910,model_687
911,model_114
912,model_1056
913,model_170
914,model_166
915,model_341
916,model_1226
917,model_1134
918,model_1103
919,model_1061
920,model_1583
921,model_1413
922,model_1109
923,model_994
924,model_219
925,model_1054
926,model_1325
927,model_434
928,model_150
929,model_449
930,model_20
931,model_1499
932,model_1025
933,model_1358
934,model_636
935,model_993
936,model_998
937,model_552
938,model_1373
939,model_565
940,model_1317
941,model_1398
942,model_1482
943,model_196
944,model_1059
945,model_328
946,model_933
947,model_633
948,model_939
949,model_1209
950,model_765
951,model_1140
952,model_473
953,model_807
954,model_1548
955,model_454
956,model_713
957,model_1215
958,model_1159
959,model_1193
960,model_92
961,model_571
962,model_85
963,model_932
964,model_572
965,model_1161
966,model_165
967,model_1155
968,model_212
969,model_754
970,model_37
971,model_882
972,model_954
973,model_1009
974,model_11
975,model_242
976,model_1116
977,model_905
978,model_533
979,model_966
980,model_440
981,model_382
982,model_501
983,model_1594
984,model_1474
985,model_348
986,model_1035
987,model_1461
988,model_680
989,model_711
990,model_277
991,model_15
992,model_975
993,model_409
994,model_1538
995,model_1337
996,model_1263
997,model_1376
998,model_1024
999,model_525
1000,model_423
1001,model_1018
1002,model_753
1003,model_322
1004,model_1355
1005,model_760
1006,model_80
1007,model_1527
1008,model_1520
1009,model_1502
1010,model_690
1011,model_1157
1012,model_259
1013,model_843
1014,model_334
1015,model_1196
1016,model_1592
1017,model_184
1018,model_268
1019,model_126
1020,model_881
1021,model_281
1022,model_177
1023,model_1488
1024,model_1094
1025,model_561
1026,model_1011
1027,model_495
1028,model_176
1029,model_1416
1030,model_803
1031,model_787
1032,model_203
1033,model_944
1034,model_648
1035,model_830
1036,model_1327
1037,model_1431
1038,model_352
1039,model_1137
1040,model_231
1041,model_1295
1042,model_1141
1043,model_1012
1044,model_40
1045,model_743
1046,model_43
1047,model_361
1048,model_133
1049,model_1541
1050,model_1322
1051,model_420
1052,model_8
1053,model_1194
1054,model_1370
1055,model_362
1056,model_1357
1057,model_1279
1058,model_819
1059,model_820
1060,model_50
1061,model_445
1062,model_1219
1063,model_658
1064,model_1562
1065,model_778
1066,model_1142
1067,model_285
1068,model_894
1069,model_75
1070,model_790
1071,model_1451
1072,model_52
1073,model_937
1074,model_96
1075,model_4
1076,model_468
1077,model_582
1078,model_604
1079,model_1561
1080,model_1031
1081,model_1288
1082,model_1180
1083,model_971
1084,model_1189
1085,model_831
1086,model_1043
1087,model_629
1088,model_217
1089,model_638
1090,model_1074
1091,model_466
1092,model_708
1093,model_154
1094,model_1080
1095,model_262
1096,model_447
1097,model_867
1098,model_856
1099,model_1168
1100,model_958
1101,model_298
1102,model_1259
1103,model_301
1104,model_18
1105,model_1494
1106,model_507
1107,model_1224
1108,model_925
1109,model_1403
1110,model_822
1111,model_107
1112,model_679
1113,model_1328
1114,model_483
1115,model_169
1116,model_995
1117,model_859
1118,model_480
1119,model_1067
1120,model_1186
1121,model_1127
1122,model_678
1123,model_666
1124,model_1160
1125,model_432
1126,model_977
1127,model_1382
1128,model_503
1129,model_1586
1130,model_42
1131,model_876
1132,model_1532
1133,model_539
1134,model_116
1135,model_772
1136,model_1348
1137,model_471
1138,model_12
1139,model_746
1140,model_1329
1141,model_540
1142,model_537
1143,model_188
1144,model_127
1145,model_131
1146,model_250
1147,model_280
1148,model_17
1149,model_919
1150,model_748
1151,model_1188
1152,model_209
1153,model_1528
1154,model_541
1155,model_46
1156,model_31
1157,model_943
1158,model_487
1159,model_228
1160,model_1305
1161,model_1184
1162,model_68
1163,model_988
1164,model_378
1165,model_1145
1166,model_451
1167,model_930
1168,model_627
1169,model_132
1170,model_1002
1171,model_44
1172,model_1266
1173,model_1250
1174,model_1423
1175,model_715
1176,model_397
1177,model_524
1178,model_354
1179,model_714
1180,model_1333
1181,model_179
1182,model_899
1183,model_70
1184,model_693
1185,model_1339
1186,model_1313
1187,model_949
1188,model_1384
1189,model_1038
1190,model_982
1191,model_699
1192,model_1591
1193,model_215
1194,model_613
1195,model_815
1196,model_1380
1197,model_1566
1198,model_216
1199,model_300
1200,model_192
1201,model_327
1202,model_499
1203,model_700
1204,model_692
1205,model_797
1206,model_670
1207,model_659
1208,model_709
1209,model_527
1210,model_844
1211,model_1233
1212,model_1549
1213,model_575
1214,model_168
1215,model_51
1216,model_244
1217,model_140
1218,model_870
1219,model_1572
1220,model_1402
1221,model_1440
1222,model_260
1223,model_747
1224,model_1206
1225,model_736
1226,model_1353
1227,model_1521
1228,model_573
1229,model_1192
1230,model_688
1231,model_1175
1232,model_1251
1233,model_356
1234,model_325
1235,model_1427
1236,model_278
1237,model_957
1238,model_508
1239,model_673
1240,model_522
1241,model_914
1242,model_29
1243,model_651
1244,model_49
1245,model_1490
1246,model_160
1247,model_1066
1248,model_1034
1249,model_1258
1250,model_331
1251,model_338
1252,model_1456
1253,model_245
1254,model_543
1255,model_1473
1256,model_1275
1257,model_1077
1258,model_929
1259,model_1587
1260,model_510
1261,model_818
1262,model_146
1263,model_614
1264,model_696
1265,model_983
1266,model_889
1267,model_916
1268,model_1340
1269,model_777
1270,model_1280
1271,model_542
1272,model_153
1273,model_1213
1274,model_1132
1275,model_1579
1276,model_643
1277,model_100
1278,model_838
1279,model_846
